{
  "status": "ready",
  "backend": "qwen2_jittorllms",
  "model_name": "Qwen2.5-0.5B-Instruct",
  "scoring_method": "label_token_logit_margin",
  "num_queries": 5,
  "num_pairs": 42,
  "new_inference_calls": 42,
  "parse_fail": 0,
  "parse_fail_rate": 0.0,
  "inference_time_sec": 4.643591778999507,
  "wall_time_sec": 4.732748949999859,
  "pairs_per_second": 9.044722705803649,
  "recall@1": 0.0,
  "ndcg@1": 0.0,
  "recall@3": 0.6,
  "ndcg@3": 0.352371901428583,
  "recall@5": 0.8,
  "ndcg@5": 0.42974246287549134,
  "recall@10": 1.0,
  "ndcg@10": 0.5009839002970958,
  "mrr": 0.33999999999999997,
  "pairwise_accuracy": 0.6194444444444445
}
