{
  "recall@1": 0.292,
  "ndcg@1": 0.292,
  "recall@3": 0.654,
  "ndcg@3": 0.5025901243071483,
  "recall@5": 0.844,
  "ndcg@5": 0.5811757127790195,
  "recall@10": 1.0,
  "ndcg@10": 0.6337595271146704,
  "mrr": 0.5170833333333331,
  "pairwise_accuracy": 0.7024357142857139,
  "num_queries": 500,
  "num_pairs": 4044,
  "device": "cuda",
  "inference_time_sec": 335.8241877555847,
  "pairs_per_second": 12.042015278968686
}