{
  "status": "ready",
  "backend": "qwen2_jittorllms",
  "model_name": "Qwen2.5-0.5B-Instruct",
  "scoring_method": "label_token_logit_margin",
  "num_queries": 20,
  "num_pairs": 158,
  "new_inference_calls": 116,
  "parse_fail": 0,
  "parse_fail_rate": 0.0,
  "inference_time_sec": 3.553146420000985,
  "wall_time_sec": 3.6982549570000174,
  "pairs_per_second": 32.647120689151855,
  "recall@1": 0.3,
  "ndcg@1": 0.3,
  "recall@3": 0.6,
  "ndcg@3": 0.48273243839286434,
  "recall@5": 0.7,
  "ndcg@5": 0.5214177191163186,
  "recall@10": 1.0,
  "ndcg@10": 0.6200528220942052,
  "mrr": 0.503234126984127,
  "pairwise_accuracy": 0.6394841269841269
}
