{
  "status": "ready",
  "backend": "qwen2_jittorllms",
  "model_name": "Qwen2.5-0.5B-Instruct",
  "scoring_method": "label_token_logit_margin",
  "num_queries": 500,
  "num_pairs": 4044,
  "new_inference_calls": 3237,
  "cached_pairs_used": 807,
  "initial_cache_entries": 807,
  "parse_fail": 0,
  "parse_fail_rate": 0.0,
  "inference_time_sec": 104.21002769999086,
  "wall_time_sec": 117.8165955909999,
  "pairs_per_second": 31.062269835672293,
  "all_pair_runtime_sec": 138.62770863898936,
  "gpu_memory_peak_observed_mb": 1152,
  "recall@1": 0.166,
  "ndcg@1": 0.166,
  "recall@3": 0.454,
  "ndcg@3": 0.3280683059928606,
  "recall@5": 0.676,
  "ndcg@5": 0.4189455367945577,
  "recall@10": 1.0,
  "ndcg@10": 0.5258458053356794,
  "mrr": 0.38042063492063455,
  "pairwise_accuracy": 0.5366841269841267,
  "score_min": -3.796875,
  "score_max": 6.46875,
  "score_mean": 0.008098417408506428,
  "score_std": 0.7787374457966787,
  "positive_score_mean": 0.10003125,
  "negative_score_mean": -0.004871790349887133,
  "score_unique_values": 289,
  "score_tie_groups": 236,
  "score_tied_items": 3991,
  "score_tied_pairs": 49358
}
