{
  "status": "ready",
  "backend": "qwen2_jittorllms",
  "model_name": "Qwen2.5-0.5B-Instruct",
  "scoring_method": "label_token_logit_margin",
  "num_queries": 100,
  "num_pairs": 807,
  "new_inference_calls": 649,
  "cached_pairs_used": 158,
  "initial_cache_entries": 158,
  "parse_fail": 0,
  "parse_fail_rate": 0.0,
  "inference_time_sec": 26.22094273999801,
  "wall_time_sec": 28.871206980000352,
  "pairs_per_second": 24.751207705816046,
  "all_pair_runtime_sec": 34.4176809389985,
  "gpu_memory_peak_observed_mb": 1152,
  "recall@1": 0.14,
  "ndcg@1": 0.14,
  "recall@3": 0.52,
  "ndcg@3": 0.354876653178577,
  "recall@5": 0.72,
  "ndcg@5": 0.4375060647261475,
  "recall@10": 1.0,
  "ndcg@10": 0.5317217375549828,
  "mrr": 0.38534523809523824,
  "pairwise_accuracy": 0.5895793650793649,
  "score_min": -2.03125,
  "score_max": 3.703125,
  "score_mean": 0.028732961586121437,
  "score_std": 0.7509197399685937,
  "positive_score_mean": 0.13453125,
  "negative_score_mean": 0.013768564356435644,
  "score_unique_values": 203,
  "score_tie_groups": 155,
  "score_tied_items": 759,
  "score_tied_pairs": 1954
}
