{
  "status": "ready",
  "backend": "qwen2_jittorllms",
  "model_name": "Qwen2.5-1.5B-Instruct",
  "scoring_method": "label_token_logit_margin",
  "num_queries": 500,
  "num_pairs": 4044,
  "new_inference_calls": 4044,
  "cached_pairs_used": 0,
  "initial_cache_entries": 0,
  "parse_fail": 0,
  "parse_fail_rate": 0.0,
  "inference_time_sec": 114.58167941868305,
  "wall_time_sec": 147.77162478119135,
  "pairs_per_second": 35.29360034271419,
  "all_pair_runtime_sec": 114.58167941868305,
  "gpu_memory_peak_observed_mb": 3608,
  "recall@1": 0.236,
  "ndcg@1": 0.236,
  "recall@3": 0.552,
  "ndcg@3": 0.4139013225428609,
  "recall@5": 0.812,
  "ndcg@5": 0.520968967547992,
  "recall@10": 1.0,
  "ndcg@10": 0.5831669360722843,
  "mrr": 0.45254999999999995,
  "pairwise_accuracy": 0.634153968253968,
  "score_min": -8.15625,
  "score_max": 10.0625,
  "score_mean": 1.4101601137487636,
  "score_std": 2.8973945349844747,
  "positive_score_mean": 2.38171875,
  "negative_score_mean": 1.2730892000564333,
  "score_unique_values": 831,
  "score_tie_groups": 683,
  "score_tied_items": 3896,
  "score_tied_pairs": 12094
}
