{
  "recall@1": 0.26,
  "ndcg@1": 0.26,
  "recall@3": 0.65,
  "ndcg@3": 0.481185950714291,
  "recall@5": 1.0,
  "ndcg@5": 0.6251300646599559,
  "mrr": 0.5030833333333333,
  "pairwise_accuracy": 0.5529166666666667
}
