{
  "recall@1": 0.228,
  "ndcg@1": 0.228,
  "recall@3": 0.506,
  "ndcg@3": 0.38533016550000343,
  "recall@5": 0.712,
  "ndcg@5": 0.4697548088809149,
  "recall@10": 1.0,
  "ndcg@10": 0.565691740955641,
  "mrr": 0.4317920634920631,
  "pairwise_accuracy": 0.5900865079365076
}
