{
  "recall@1": 0.24,
  "ndcg@1": 0.24,
  "recall@3": 0.635,
  "ndcg@3": 0.46695919455357754,
  "recall@5": 1.0,
  "ndcg@5": 0.6164869818535664,
  "mrr": 0.49166666666666686,
  "pairwise_accuracy": 0.5395833333333333
}
