{
  "recall@1": 0.245,
  "ndcg@1": 0.245,
  "recall@3": 0.67,
  "ndcg@3": 0.4863045457857202,
  "recall@5": 1.0,
  "ndcg@5": 0.621416009815723,
  "mrr": 0.49783333333333324,
  "pairwise_accuracy": 0.5545833333333333
}
