{
  "recall@1": 0.192,
  "ndcg@1": 0.192,
  "recall@3": 0.478,
  "ndcg@3": 0.3559487605714325,
  "recall@5": 0.7,
  "ndcg@5": 0.4475271713865515,
  "recall@10": 1.0,
  "ndcg@10": 0.5475503692928076,
  "mrr": 0.40792539682539647,
  "pairwise_accuracy": 0.5751452380952381
}
