{
  "recall@1": 0.18,
  "ndcg@1": 0.18,
  "recall@3": 0.45,
  "ndcg@3": 0.33411574402143224,
  "recall@5": 0.678,
  "ndcg@5": 0.4269635016598258,
  "recall@10": 1.0,
  "ndcg@10": 0.5341088870117972,
  "mrr": 0.39119206349206315,
  "pairwise_accuracy": 0.5484396825396828
}
