{
  "recall@1": 0.24,
  "ndcg@1": 0.24,
  "recall@3": 0.625,
  "ndcg@3": 0.4567220044107194,
  "recall@5": 1.0,
  "ndcg@5": 0.6105565572914424,
  "mrr": 0.4841666666666668,
  "pairwise_accuracy": 0.5266666666666666
}
