{
  "recall@1": 0.172,
  "ndcg@1": 0.172,
  "recall@3": 0.496,
  "ndcg@3": 0.35337760352857506,
  "recall@5": 0.722,
  "ndcg@5": 0.44632813056927656,
  "recall@10": 1.0,
  "ndcg@10": 0.5382840507989249,
  "mrr": 0.3952912698412692,
  "pairwise_accuracy": 0.5707944444444443
}
