{
  "recall@1": 0.358,
  "ndcg@1": 0.358,
  "recall@3": 0.698,
  "ndcg@3": 0.5547096697285767,
  "recall@5": 0.872,
  "ndcg@5": 0.6265797282746286,
  "recall@10": 1.0,
  "ndcg@10": 0.6697923323641478,
  "mrr": 0.5642261904761902,
  "pairwise_accuracy": 0.7344642857142855,
  "num_queries": 500,
  "num_pairs": 4044,
  "device": "cuda",
  "inference_time_sec": 339.31222200393677,
  "pairs_per_second": 11.918226747379235
}